commit	track	metric	status	description
45d0b37	aemo	1.038316	keep	pilot baseline: proxy-baseline on lengthened pilot split, lr=3e-5, batch=128
45d0b37	aemo	1.103598	discard	pilot lr sweep: proxy-baseline on lengthened pilot split, lr=2e-5, batch=128
45d0b37	aemo	0.570140	keep	pilot batch sweep: proxy-baseline on lengthened pilot split, lr=3e-5, batch=64
45d0b37	aemo	n/a	crash	context-length 120 launch failed in the current proxy-baseline wrapper shape
b369e54	household	$355/yr	keep	H3 re-optimized 5 kWh/3.3 kW/0.80 RTE dispatch gap under 31.042c import, free 11:00-14:00, 1c FiT; annualized 95% bootstrap CI $342-$368 over 1,084 complete real days
bd13b6d	household	-$6/yr	keep	H1 cloning-era DT real-OOD result: annualized 5-segment bootstrap mean vs no-battery under legacy 30c/5c tariff; PPO +$2/yr, rule +$70/yr, oracle +$729/yr
e4804a9	household	+$27/yr	discard	H2 2x128 SDP-teacher DT (840 train/180 val synthetic episodes, J_t(soc) RTG) real-OOD annualized 5-segment bootstrap mean vs no battery; improves cloning DT -$6/yr but loses to rule +$70/yr
5f7bcf8	household	-$53/yr	discard	SUPERSEDED: H2 J_t(soc) evaluation used RTE-inconsistent cost-to-go tables; retained only as historical buggy-prompt result
06e7dba	household	+$254/yr	keep	H2 standard-RTG baseline using h2_realistic_sdp_jtsoc_best.pt under realistic tariff; five-segment real-OOD annualized bootstrap mean vs no battery, beats rule +$82/yr; standard RTG adopted pending corrected-RTE retraining
06e7dba	household	+$300/yr	keep	H2 corrected-RTE 8x512 ctx576 DT with J_t(soc) inference on realistic tariff; five-segment real-OOD annualized bootstrap mean, beats standard RTG +$217/yr and rule +$81/yr; oracle +$894/yr
0beb9bc	aemo	1.026434	keep	pilot context sweep after RoPE fix: proxy-baseline on lengthened pilot split, lr=3e-5, batch=128, context=120
0beb9bc	aemo	0.534541	keep	pilot combined sweep: proxy-baseline on lengthened pilot split, lr=3e-5, batch=64, context=120
0beb9bc	aemo	0.361425	keep	pilot combined sweep: proxy-baseline on lengthened pilot split, lr=3e-5, batch=32, context=120
0beb9bc	aemo	-2.130891	discard	mini evaluator on best pilot checkpoint: held-out mean reward trails rule baseline despite best proxy metric
0beb9bc	aemo	0.267862	keep	pilot capacity sweep: proxy-baseline on lengthened pilot split, model_variant=wide, batch=64, context=120
0beb9bc	aemo	0.205853	keep	pilot extra-epoch sweep: proxy-baseline on lengthened pilot split, batch=32, context=120, epochs=2
0beb9bc	aemo	-1.091310	keep	mini evaluator on wide checkpoint: best held-out result so far before prompt calibration, though still behind rule
0beb9bc	aemo	-1.303508	discard	mini evaluator on two-epoch compact checkpoint: improved over first compact candidate but worse than wide on held-out reward
0beb9bc	aemo	-0.843877	keep	prompt-calibrated mini evaluator on wide checkpoint: best held-out reward so far, nearly closing the gap to rule
0beb9bc	aemo	0.371456	discard	return-loss-weight sweep: proxy loss regressed versus wide baseline despite lower return loss
0beb9bc	aemo	-1.250328	discard	mini evaluator on return-loss sweep: held-out reward regressed versus the wide baseline
0beb9bc	aemo	-0.420342	keep	alt-scenario mini evaluator on wide checkpoint: SA1 winter short at default RTG=0 yielded a much less negative recommended RTG than NSW1
0beb9bc	aemo	-0.771962	keep	alt-scenario mini evaluator on wide checkpoint: mixed NSW1+SA1 short suite at default RTG=0 shifted the recommended RTG toward SA1-like values
0beb9bc	aemo	-1.361597	discard	cross-RTG evaluator on NSW1 short: applying the SA1-derived RTG to NSW1 degraded held-out reward versus both default and NSW1-derived prompt calibration
0beb9bc	aemo	-1.253434	discard	cross-RTG evaluator on NSW1 short: applying the mixed-suite-derived RTG to NSW1 also degraded held-out reward versus the NSW1-derived prompt calibration
0beb9bc	aemo	0.164527	keep	validation-loss sweep: wide model, batch=32, context=120, epochs=1 improved both proxy total and action loss versus prior wide baseline
0beb9bc	aemo	0.144980	keep	validation-loss sweep: wide model, batch=64, context=120, epochs=2 set the best proxy action loss so far
0beb9bc	aemo	0.141359	keep	validation-loss sweep: wide model, batch=32, context=120, epochs=2 set the best proxy total loss so far
0beb9bc	aemo	0.146484	keep	ceiling sweep: wide model, batch=64, context=180, epochs=2 improved over the older wide baseline but did not beat the context=120 two-epoch leaders
0beb9bc	aemo	0.131841	keep	ceiling sweep: wide model, batch=32, context=180, epochs=2 set the best proxy total and action loss seen so far
0beb9bc	aemo	0.139771	keep	ceiling sweep: manually widened model (n_block=6, h_dim=384), batch=64, context=120, epochs=2 improved total loss but not action loss versus the best wide runs
0beb9bc	aemo	0.141324	keep	ceiling sweep: wide model, batch=64, context=120, epochs=2, lr=5e-5 improved total loss over lr=3e-5 at the same shape but did not beat longer-context runs
0beb9bc	aemo	0.125920	keep	frontier sweep: wide model, batch=16, context=180, epochs=2 set the best proxy total loss seen so far while also slightly improving action loss
0beb9bc	aemo	0.132173	keep	frontier sweep: wide model, batch=32, context=240, epochs=2 did not beat the context=180 frontier, suggesting diminishing returns beyond context=180 in this regime
0beb9bc	aemo	0.127319	keep	frontier sweep: wide model, batch=32, context=180, epochs=3 improved over the earlier batch32-context180-epochs2 run but not over smaller-batch or deeper alternatives
0beb9bc	aemo	0.127130	keep	frontier sweep: wide model, batch=32, context=180, epochs=2, lr=5e-5 slightly improved over lr=3e-5 at the same shape but stayed behind the best smaller-batch run
0beb9bc	aemo	0.126248	keep	frontier sweep: deeper model (n_block=6, h_dim=256), batch=32, context=180, epochs=2 set the best proxy action loss seen so far
0beb9bc	aemo	0.130815	keep	frontier sweep: wide model, batch=16, context=240, epochs=2 improved over batch32-context240 but still trailed the batch16-context180 frontier
0beb9bc	aemo	0.130465	keep	architecture sweep: standard model (n_block=4, h_dim=128), batch=16, context=180, epochs=2 established the matched baseline for depth/width comparison
0beb9bc	aemo	0.125244	keep	architecture sweep: deep model (n_block=6, h_dim=128), batch=16, context=180, epochs=2 set the best proxy action loss seen so far
0beb9bc	aemo	0.123659	keep	architecture sweep: deep+wide model (n_block=6, h_dim=256), batch=16, context=180, epochs=2 improved on both deep-only and wide-only total loss
0beb9bc	aemo	0.115776	keep	architecture sweep: deeper+wider model (n_block=8, h_dim=384), batch=16, context=180, epochs=2 set the best proxy total loss seen so far
0beb9bc	aemo	-0.907272	discard	mini evaluator on wide frontier checkpoint: batch=16, context=180, epochs=2 still trailed the rule reference on NSW1 short
0beb9bc	aemo	-0.918159	discard	mini evaluator on deep frontier checkpoint: best action-loss architecture still trailed the rule reference on NSW1 short
0beb9bc	aemo	-1.200064	discard	mini evaluator on deep+wide frontier checkpoint: better proxy loss did not translate to better NSW1 short reward
0beb9bc	aemo	-0.236547	keep	mini evaluator on deeper+wider frontier checkpoint: first frontier model to beat the rule reference on NSW1 short at default RTG
0beb9bc	aemo	0.114788	keep	frontier sweep 2 baseline rerun: deeper+wider proxy frontier (n_block=8, h_dim=384), batch=16, context=180, epochs=2 reran slightly better than the prior best proxy loss
0beb9bc	aemo	0.125366	keep	frontier sweep 2 size test: smaller deep+wide model (n_block=6, h_dim=256), batch=16, context=180, epochs=2 regressed on both proxy total and action loss
0beb9bc	aemo	0.116345	keep	frontier sweep 2 size test: deeper 10x384 model stayed close to the frontier but did not beat the 8x384 baseline on proxy total or action loss
0beb9bc	aemo	0.111081	keep	frontier sweep 2 size test: wider 8x512 model became the new best proxy total and action-loss checkpoint under the context=180, epochs=2 baseline
0beb9bc	aemo	0.116984	keep	frontier sweep 2 epoch test: extending the 8x384 frontier to 3 epochs improved best action loss slightly but regressed total loss and finished worse
0beb9bc	aemo	0.118219	keep	frontier sweep 2 LR test: lowering the 8x384 frontier to lr=2e-5 degraded proxy total and action loss
0beb9bc	aemo	0.111948	keep	frontier sweep 2 LR test: raising the 8x384 frontier to lr=5e-5 improved over lr=3e-5 but still trailed the 8x512 size win
0beb9bc	aemo	0.118556	keep	frontier sweep 2 context test: shortening the 8x384 frontier to context=120 clearly regressed proxy total and action loss
0beb9bc	aemo	0.114464	keep	frontier sweep 2 context test: lengthening the 8x384 frontier to context=240 slightly improved action loss over context=180 but did not beat the best total-loss frontier
0beb9bc	aemo	0.115215	keep	frontier sweep 3 batch test: lowering the 8x512 frontier to batch=8 did not beat batch=16 and finished with noticeably worse final validation loss
0beb9bc	aemo	0.116952	keep	frontier sweep 3 batch test: batch=12 also regressed on both proxy total and action loss versus the batch=16 frontier
0beb9bc	aemo	0.122183	keep	frontier sweep 3 batch test: increasing the 8x512 frontier to batch=24 clearly degraded proxy total and action loss
0beb9bc	aemo	0.119878	keep	frontier sweep 3 batch test: batch=32 remained worse than batch=16, confirming batch=16 is still the sweet spot for the wider frontier
0beb9bc	aemo	0.112216	keep	frontier sweep 4 weight-decay test: removing weight decay entirely stayed competitive but still trailed the base 8x512 frontier on total and action loss
0beb9bc	aemo	0.113200	keep	frontier sweep 4 weight-decay test: lowering weight decay to 5e-5 regressed versus both the base frontier and wd=0
0beb9bc	aemo	0.112728	keep	frontier sweep 4 weight-decay test: raising weight decay to 2e-4 was slightly better than wd=5e-5 but still behind the base frontier
0beb9bc	aemo	0.112043	keep	frontier sweep 4 weight-decay test: raising weight decay to 5e-4 was the best decay variant but still did not beat the base 8x512 frontier
0beb9bc	aemo	0.112271	keep	frontier sweep 5 dropout test: lowering dropout to 0.05 stayed competitive and improved action loss versus the base 8x512 frontier but did not beat its total loss
0beb9bc	aemo	0.109743	keep	frontier sweep 5 dropout test: raising dropout to 0.15 produced the new best proxy total loss and nearly matched the best action-loss checkpoint
0beb9bc	aemo	0.110965	keep	frontier sweep 5 dropout test: raising dropout further to 0.20 improved over the base 8x512 frontier but stayed behind dropout 0.15
0beb9bc	aemo	0.108549	keep	frontier sweep 6 loss-weight base: 8x512, batch=16, context=180, epochs=2, lr=3e-5, drop_p=0.15 with default action/state/return weights improved proxy total loss further
0beb9bc	aemo	0.097078	keep	frontier sweep 6 return-loss test: setting return_loss_weight=0.0 gave the best proxy total loss in this sweep, although action loss was slightly worse than the best action-weighted run
0beb9bc	aemo	0.116489	keep	frontier sweep 6 state-loss test: lowering state_loss_weight to 0.005 regressed both proxy total and action loss
0beb9bc	aemo	0.158465	keep	frontier sweep 6 action-loss test: raising action_loss_weight to 1.5 badly hurt total loss and did not improve action loss enough to offset it
0beb9bc	aemo	0.099470	keep	frontier sweep 7 return-scale test: return_scale=0.5 improved over the base frontier but did not beat the stronger return_scale variants
0beb9bc	aemo	0.096301	keep	frontier sweep 7 return-scale test: return_scale=1.0 improved further and beat the prior return-free frontier
0beb9bc	aemo	0.095277	keep	frontier sweep 7 return-scale test: return_scale=2.0 produced the best proxy total and action loss seen in this return-scale sweep
0beb9bc	aemo	0.092526	keep	frontier sweep 8 discount test: discount=0.95 improved total loss further on the return_scale=2.0 frontier
0beb9bc	aemo	0.093049	keep	frontier sweep 8 discount test: discount=0.99 stayed close but did not beat discount=0.95
0beb9bc	aemo	0.096434	keep	frontier sweep 8 discount test: discount=1.0 regressed versus the lower-discount settings
0e11cf5	aemo	0.070197	keep	frontier sweep 9 action-weight test: action_loss_weight=0.75 on the 8x512 frontier gave the best proxy total loss in the sweep
0e11cf5	aemo	0.093453	discard	frontier sweep 9 action-weight test: action_loss_weight=1.0 regressed versus 0.75 on the 8x512 frontier
0e11cf5	aemo	0.110902	discard	frontier sweep 9 action-weight test: action_loss_weight=1.25 regressed further and did not improve the proxy frontier
0e11cf5	aemo	-0.487420	keep	mini evaluator on action-weight tuned checkpoint: held-out NSW1 short reward beat the rule baseline at default RTG
0e11cf5	aemo	-0.196801	keep	mini evaluator on action-loss baseline checkpoint: held-out NSW1 short reward beat the rule baseline even though proxy loss was worse than action_loss_weight=0.75
19e9c43	aemo	0.104890	discard	expanded pilot aw100: larger 12x6 pilot split regressed proxy total loss versus the smaller pilot aw100 run
19e9c43	aemo	-0.839465	discard	expanded pilot aw100: larger pilot split failed to carry over on NSW1 short mini evaluation and trailed the rule baseline
20260528-expanded-aw075	aemo	0.075871	keep	expanded pilot aw075: larger 12x6 pilot split improved proxy total loss relative to the other expanded configs
20260528-expanded-aw075	aemo	-0.537952	keep	expanded pilot aw075: larger 12x6 pilot split still beat the rule baseline on NSW1 short mini evaluation
20260528-expanded-deeperwider	aemo	0.153731	discard	expanded pilot deeper+wider: larger 12x6 pilot split regressed proxy total loss badly versus the aw075/aw100 expanded runs
20260528-expanded-deeperwider	aemo	-0.537952	keep	expanded pilot deeper+wider: larger 12x6 pilot split still beat the rule baseline on NSW1 short mini evaluation
20260528-smallpilot-direct-lr025	aemo	0.072444	keep	small-pilot direct LR sweep: 8x512 tuned frontier with discount=0.95, lr=2.5e-5 on the original 6-train pilot improved late but stayed slightly behind the 3e-5 champion
20260528-smallpilot-direct-lr035	aemo	0.073426	keep	small-pilot direct LR sweep: 8x512 tuned frontier with discount=0.95, lr=3.5e-5 on the original 6-train pilot briefly led mid-run but finished behind the 3e-5 champion
20260528-smallpilot-direct-lr040	aemo	0.070446	keep	small-pilot direct LR sweep: 8x512 tuned frontier with discount=0.95, lr=4e-5 on the original 6-train pilot stayed behind the 3e-5 champion
20260528-smallpilot-direct-lr050	aemo	0.066424	keep	small-pilot direct LR sweep: 8x512 tuned frontier with discount=0.95, lr=5e-5 on the original 6-train pilot set a new proxy frontier
20260528-smallpilot-lr050-e3	aemo	0.070680	keep	small-pilot epoch follow-up: extending the new lr=5e-5 frontier to 3 epochs on the original 6-train pilot did not improve the 2-epoch lr=5e-5 frontier
20260528-smallpilot-lr050-aw060	aemo	0.055353	keep	small-pilot action-weight follow-up: lowering action_loss_weight to 0.6 on the lr=5e-5 frontier produced a much stronger new proxy frontier on the original 6-train pilot
20260528-smallpilot-lr050-aw050	aemo	0.047593	keep	small-pilot action-weight follow-up: lowering action_loss_weight further to 0.5 on the lr=5e-5 frontier set another new proxy frontier on the original 6-train pilot
20260528-smallpilot-lr050-aw040	aemo	0.038453	keep	small-pilot action-weight follow-up: lowering action_loss_weight to 0.4 on the lr=5e-5 frontier set a lower proxy total loss again, although raw action loss drifted slightly worse
20260528-smallpilot-lr050-aw030	aemo	0.029507	keep	small-pilot action-weight boundary check: lowering action_loss_weight to 0.3 drove proxy total loss lower again, but raw action loss drifted worse, confirming the metric is now strongly weight-shaped
20260603-smallpilot-lr050-aw075	aemo	0.068715	keep	plateau reward-aware check: small-pilot lr=5e-5, action_loss_weight=0.75 (best_val_total_loss)
20260603-smallpilot-lr050-aw075	aemo	-0.698179	keep	mini evaluator: small-pilot lr=5e-5, action_loss_weight=0.75 on NSW1 short (mean_reward candidate_dt; rule=-0.713351)
20260603-smallpilot-lr050-aw090	aemo	0.082632	keep	plateau reward-aware check: small-pilot lr=5e-5, action_loss_weight=0.90 (best_val_total_loss)
20260603-smallpilot-lr050-aw090	aemo	-0.673106	keep	mini evaluator: small-pilot lr=5e-5, action_loss_weight=0.90 on NSW1 short (mean_reward candidate_dt; rule=-0.713351)
20260603-smallpilot-lr050-aw100	aemo	0.092577	keep	plateau reward-aware check: small-pilot lr=5e-5, action_loss_weight=1.00 (best_val_total_loss)
20260603-smallpilot-lr050-aw100	aemo	-0.378167	keep	mini evaluator: small-pilot lr=5e-5, action_loss_weight=1.00 on NSW1 short (mean_reward candidate_dt; rule=-0.713351)
bb17d5b	aemo	n/a	crash	opt+sched sweep: proxy-smoke crashed with Xid79 (GPU fell off bus) on run_tag=opt_sched_sweep_20260603_205005_adamw_steplr; logs=eval_output/system_logs/opt_sched_sweep_20260603_205005
1dc42e1	aemo	n/a	crash	opt sweep (clk<=1500): CUDA healthcheck failed then Xid79/Xid154; GPU lost (nvidia-smi: no devices); logs=eval_output/system_logs/opt_sweep_clk1500_20260604_131930
771cbf6	aemo	n/a	keep	opt sweep (new clk cap): proxy-smoke opt=adamw sched=none; logs=/media/victoru/0a1c0748-f508-de49-9b25-b0ac435a9727/energydecision/eval_output/system_logs/opt_sweep_clkLOW_20260604_135339; run_tag=opt_sweep_clkLOW_20260604_135339_adamw_none
771cbf6	aemo	n/a	keep	opt sweep (new clk cap): proxy-smoke opt=adam sched=none; logs=/media/victoru/0a1c0748-f508-de49-9b25-b0ac435a9727/energydecision/eval_output/system_logs/opt_sweep_clkLOW_20260604_135339; run_tag=opt_sweep_clkLOW_20260604_135339_adam_none
771cbf6	aemo	n/a	keep	opt sweep (new clk cap): proxy-smoke opt=rmsprop sched=none; logs=/media/victoru/0a1c0748-f508-de49-9b25-b0ac435a9727/energydecision/eval_output/system_logs/opt_sweep_clkLOW_20260604_135339; run_tag=opt_sweep_clkLOW_20260604_135339_rmsprop_none
771cbf6	aemo	n/a	keep	opt sweep (new clk cap): proxy-smoke opt=sgd sched=none; logs=/media/victoru/0a1c0748-f508-de49-9b25-b0ac435a9727/energydecision/eval_output/system_logs/opt_sweep_clkLOW_20260604_135339; run_tag=opt_sweep_clkLOW_20260604_135339_sgd_none
771cbf6	aemo	n/a	keep	opt sweep (new clk cap): proxy-smoke opt=muon sched=none; logs=/media/victoru/0a1c0748-f508-de49-9b25-b0ac435a9727/energydecision/eval_output/system_logs/opt_sweep_clkLOW_20260604_135339; run_tag=opt_sweep_clkLOW_20260604_135339_muon_none
771cbf6	aemo	n/a	keep	opt sweep (new clk cap): proxy-smoke opt=adamw sched=steplr; logs=/media/victoru/0a1c0748-f508-de49-9b25-b0ac435a9727/energydecision/eval_output/system_logs/opt_sweep_clkLOW_20260604_135339; run_tag=opt_sweep_clkLOW_20260604_135339_adamw_steplr
609dd24	aemo	-2.295426695845123	keep	mini evaluator: opt_sweep_clkLOW_20260604_135339 rmsprop_none candidate_dt mean_reward (rule=-0.6746989306021743); eval_output/autoresearch/opt_sweep_clkLOW_20260604_135339/rmsprop_none
609dd24	aemo	-2.137930759377132	keep	mini evaluator: opt_sweep_clkLOW_20260604_135339 adamw_none candidate_dt mean_reward (rule=-0.6746989306021743); eval_output/autoresearch/opt_sweep_clkLOW_20260604_135339/adamw_none
609dd24	aemo	-1.830449334661178	keep	mini evaluator: opt_sweep_clkLOW_20260604_135339 muon_none candidate_dt mean_reward (rule=-0.6746989306021743); eval_output/autoresearch/opt_sweep_clkLOW_20260604_135339/muon_none
20260610-ctx-sweep	aemo	0.070363	keep	frontier context sweep: aemo_proxy_frontier, 8x512, drop_p=0.15, ctx=180, b=16, e=2 on proxy pilot — confirms baseline ctx=180
20260610-ctx-sweep	aemo	0.070160	keep	frontier context sweep: ctx=180 baseline rerun at b=8 for fair comparison
20260610-ctx-sweep	aemo	0.082855	keep	frontier context sweep: ctx=180 at b=4 for direct comparison with longer context at b=4
20260610-ctx-sweep	aemo	0.076883	discard	frontier context sweep: ctx=288 b=8 regressed val vs ctx=180 b=8 (0.0769 > 0.0702, +9.5%); OOM at b=16
20260610-ctx-sweep	aemo	0.090888	discard	frontier context sweep: ctx=360 b=4 regressed val vs ctx=180 b=4 (0.0909 > 0.0829, +9.7%); OOM at b=8
20260610-ctx-sweep	aemo	0.058406	keep	ultra-long context sweep: ctx=180, b=1 (proxy pilot, 8x512, drop_p=0.15, e=2) — best fair-comparison val so far
20260610-ctx-sweep	aemo	0.075670	discard	ultra-long context sweep: ctx=576, b=1 — longer context regressed (0.0757 > 0.0584, +29.6% vs ctx=180)
20260610-ctx-sweep	aemo	0.064366	keep	ultra-long context sweep: ctx=1008, b=1 — slightly better than ctx=576 but still worse than ctx=180 (0.0644 > 0.0584, +10.2%)
20260610-ctx-sweep	aemo	0.080508	discard	ultra-long context sweep: ctx=1008, b=2 — larger batch regressed vs b=1 at same ctx (0.0805 > 0.0644, +25.0%)
20260610-ctx-sweep	aemo	n/a	crash	ultra-long context sweep: ctx=2016, b=1 — CUDA OOM on 8GB RTX 3060 Ti (seq len 6048, ~10 GB needed)
20260611-full-eval	aemo	0.345	keep	full evaluator (NSW1 Jan + SA1 Winter, 144h ep, 2 ep/variant): PPO RL mean_reward=+0.345 (profitable), beats all DT and baselines
20260611-full-eval	aemo	-1.256	keep	full evaluator: tuned DT (autoresearch) mean_reward=-1.256 — 5.7x better than pretrain DT (-7.117), but worse than PPO
20260611-full-eval	aemo	-1.426	keep	full evaluator: dispatch Dalrymple North (SA1 only, 0 ep in NSW1 — station inactive)
20260611-full-eval	aemo	-5.359	keep	full evaluator: rule heuristic baseline
20260611-full-eval	aemo	-5.394	keep	full evaluator: dispatch Torrens Island (SA1 only, 0 ep in NSW1 — station inactive)
20260611-full-eval	aemo	-7.117	discard	full evaluator: pretrain DT (original pilot) — worst performer, overly aggressive dispatch (326.5 MWh/ep)
20260611-expanded-eval	aemo	12.817	keep	expanded evaluator (5 regions, 6 periods, 288h ep, 5 ep/variant, 135 ep total): PPO RL mean_reward=+12.82 — dominates on FCAS ($10,628/ep)
20260611-expanded-eval	aemo	-3.105	keep	expanded evaluator: DT full-pretrained (8x512, ctx=180, trained on 24+16 ep) mean_reward=-3.11 — beats rule (-4.82), deg=2.5K/ep, but FCAS=$77/ep vs PPO's $10.6K
20260611-expanded-eval	aemo	-4.819	keep	expanded evaluator: rule heuristic mean_reward=-4.82 — high energy rev ($11.8K) but massive deg ($15.4K)
20260611-expanded-eval	aemo	-13.550	discard	expanded evaluator: pretrain DT (original 4x128 pilot) mean_reward=-13.55 — worst performer, overly aggressive (746 MWh/ep), deg=$13K/ep
20260702-lw-sweep	aemo	0.033682	keep	loss-weight grid sweep: aw=0.5 sw=0.0 — best proxy total loss, evaluator mean_reward=+0.200
20260702-lw-sweep	aemo	0.035861	keep	loss-weight grid sweep: aw=0.5 sw=0.005 — best balance (reward=+0.198, state_loss=0.95)
20260702-lw-sweep	aemo	0.036760	keep	loss-weight grid sweep: aw=0.5 sw=0.02 — best action loss, evaluator mean_reward=+0.192
20260702-lw-sweep	aemo	0.053356	keep	loss-weight grid sweep: baseline (aw=0.75 sw=0.01) — evaluator mean_reward=+0.194
20260702-molab	aemo	+1.522	keep	MoLab DT training: 8x384, ctx=180, aw=0.999 sw=0.002 rw=0.0001, batch=128, lr=3e-5, 2 epochs — trained on RTX 6000 Pro, uploaded to HF
a0399f6	aemo	GRPO-tuned DT vs dispatch_replay	keep	GRPO-tuned DT mean_reward=+1.32/step, profit=,973/ep, FCAS=,697/ep vs dispatch profit=63/ep, FCAS=10/ep (42x). DT mean_diff=+2.70/step vs dispatch (reference). SA1 4-season dispatch-matched eval.
f575c34	aemo	-1.54/step	keep	GRPO 30-iter DT on dispatch_matched SA1 2024: mean_reward=-1.54, profit=$1,268/ep vs dispatch $964/ep. FCAS=$4,747/ep. Overfit vs 5-iter model (+1.32). KL drift caused degradation cost to triple ($3,110 vs $965).
0c013ab	aemo	-0.32	keep	GRPO combined_best (15-iter, lr=5e-5, rtgc=2, 144h): dispatch_matched SA1 2024 reward=-0.32, profit=$2,398/ep, vs dispatch +1.06. Underperforms 5-iter default (lr=1e-5). 24h proxy sweep does not reliably predict 144h eval performance.
ee0844f	aemo	+1.60	keep	Multi-region GRPO DT (NSW1+SA1+QLD1 train): dispatch_matched eval across 6 scenarios (NSW1 Jan/Jul, SA1 Jan/Jul, QLD1 Jan, VIC1 Jan). Reward=+1.60, profit=$4,357/ep, FCAS=$5,171/ep, deg=$226/ep, Sharpe=13.90. Beats PPO (-1.53, $85/ep, $6,757 deg), dispatch (-1.88), fcas_rule (-64.72). DT mean_diff vs dispatch=+3.12.
b48f481	aemo	-12.39	keep	GRPO post-training 1C vs 3.75C on Q4 2024 multi-station eval (1C battery). 1C DT reward=-12.39 profit=$1,977 — beats original HF DT (-13.65/$874) and PPO (-15.50/$1,395). Far behind dispatch replays (Torrens +165/$169K, Hornsdale +62/$67K) but dispatch replays show unrealistic degradation ($20-23K/ep). 3.75C DT (-15.30) underperforms 1C DT on 1C battery. GRPO improves DT but gap to real dispatch remains large on small batteries.
cee733b	aemo	76938555	keep	New FCAS dataset with realistic batteries (v2): 2,401 episodes, 77M rows. Batteries: medium_1c (10MW/10MW=1C), large_07c (50MW/35MW=~0.7C), small_05c (2MW/1MW=0.5C), fast_375c (8MW/30MW=3.75C). 5 SB3 models retrained on all 4 batteries. Ready for MoLab DT pretraining.
exp0	modernv2_ppo_only_dt	2025 OOD: profit=$4,200/ep vs PPO $14,320 (PPO wins 3.4x); FCAS $1,854 vs $10,637; energy $4,468 vs $9,539. Energy edge from broad-2024 ($17,099) does not transfer to 2025.
exp0	legacy_ppo_only_dt	2025 OOD: profit=$4,327/ep vs PPO $14,320 (PPO wins 3.3x); FCAS $1,760 vs $10,637. Same regime-specific energy collapse as modern 8x768 — data not architecture.
exp0	modernv2_ppo_only_dt	dispatch-matched (full_fcas, rtg=0.5): profit=$7,590/ep vs PPO $7,757 (near-tie, 2% below); FCAS $5,884 vs $5,523. Much better than 2025 — competitive on the FCAS-heavy surface.
exp0	modernv2_ppo_only_dt	dispatch-matched rtg=0 (6-scenario SA1 Jul-Dec 2024, asset-sized): profit=$23,174/ep vs PPO $22,622 (DT wins 2.4%); FCAS $12,238 vs $12,244. DT edges PPO on the broad dispatch-matched surface.
exp0	modernv2_ppo_only_dt	standard Oct (full_fcas, 5 regions, rtg=0.5): profit=$2,668/ep vs PPO $2,353 (DT wins 13%); FCAS $2,435 vs $2,192. Below mixed modern v2 ($4,630) but beats PPO.
exp0	legacy_ppo_only_dt	standard Oct (full_fcas, 5 regions, rtg=0.5): profit=$2,426/ep vs PPO $2,353 (DT wins 3%); FCAS $2,268 vs $2,192. Consistent with modern 8x768.
exp0	legacy_ppo_only_dt	dispatch-matched rtg=0 (SA1 Jul-Dec 2024, 6 scen): profit=$23,802/ep vs PPO $22,622 (DT wins 5%); FCAS $11,933 vs $12,244. Consistent with modern 8x768.
exp2	mixed_head_fcasheavy	expanded broad-2024 (multi_market, rtg=10): profit=$10,779/ep vs tanh control $13,387 (worse); FCAS $5,198 vs $5,860; energy $10,497 vs $12,578. BUT multi_market drops 6/8 FCAS dims - neutralizes mixed head. Proper test = full_fcas surfaces.
exp2	mixed_head_fcasheavy	dispatch-matched rtg=0 (full_fcas 9-dim): profit=$15,160 vs PPO $22,622; FCAS $18,320 vs PPO $12,244 (DT captures +50% MORE FCAS than PPO - strongest of any DT variant). Energy $15,896. Need tanh control on same surface to isolate head effect.
exp2	tanh_control_fcasheavy	dispatch-matched rtg=0 (full_fcas): profit=$19,083 vs mixed-head $15,160 (control BETTER); FCAS $20,013 vs $18,320; energy $14,290 vs $15,896. Mixed head does NOT help - data ceiling confirmed. Both FCAS-heavy models beat PPO on FCAS (+50-63%) but not profit.
exp2	tanh_control_fcasheavy	standard Oct (full_fcas, 5 regions): profit=$6,100 vs PPO $2,353 (2.6x) and dispatch $4,660 (31%); FCAS $5,943 vs PPO $2,192. Strong narrow-surface win.
exp2	mixed_head_fcasheavy	standard Oct (full_fcas): profit=$6,111 vs tanh $6,100 (tie); FCAS $5,953 vs $5,943. Head comparison: standard tie, dispatch-matched mixed worse (-19%), expanded worse (-20%). Mixed head does NOT help - output geometry not the binding constraint.
exp2	tanh_control_fcasheavy	2025 OOD (multi_market): profit=$10,256 vs PPO $14,320 (PPO wins 1.4x but best DT OOD yet - prior PPO-only $4.2k, full-PPO fine-tune -$694); FCAS $5,654 vs $10,637. FCAS-heavy composition is the best OOD DT so far.
exp2	mixed_head_fcasheavy	2025 OOD (multi_market): profit=$12,488 vs tanh $10,256 (+22%) vs PPO $14,320 (15% gap - BEST DT OOD ever). Mixed head helps OOD substantially but hurts ID full_fcas surfaces. Net: mixed head is a wash-to-negative for deployment; tanh+FCAS-heavy is the safer narrow winner.
exp3	dt_soc_oracle	smoke mini (full_fcas): profit=$2,728 vs PPO $1,235 (2.2x). LP is degradation-blind (raw LP revenue $13k/$75k collapsed to $2.7k by degradation in env replay). Waypoint path + LP executor works end-to-end.
exp3	dt_soc_oracle	standard Oct (full_fcas): profit=$9,200 (3.9x PPO $2,353; 1.5x best prior DT tanh-fcasheavy $6,100); FCAS $11,889 (5.4x PPO); energy $19,194. Hierarchical DT+LP wins BOTH surfaces - design goal achieved.
exp3	dt_soc_oracle	2025 OOD (full_fcas): profit=-$22,087 vs PPO $6,498 (COLLAPSE). Root cause: LP executor is degradation-blind (deg $2,859/MWh vs PPO $211/MWh, 13.5x); Oracle-style aggressive cycling destroys battery OOD. Hierarchical needs degradation-aware executor.
exp3	dt_soc_oracle_deg_aware	2025 OOD (full_fcas, deg_cost=$50/MWh): profit=$6,809 vs PPO $6,498 (DT WINS); FCAS $12,061 (6.6x PPO); deg $420/MWh (from $2,859 blind). Energy -$1,056 (penalty killed arbitrage). Fix confirmed: -2k -> +$6.8k. Strongest DT OOD result.
exp3	dt_soc_oracle_deg_aware	standard Oct (full_fcas, deg=$50/MWh): profit=$23,372 (10x PPO $2,353); FCAS $14,387 (6.6x PPO); energy $10,749; deg $176/MWh (down from $2,859 deg-blind). Degradation-aware LP improves BOTH profit and degradation - definitive hierarchical win.
exp3	dt_soc_oracle_deg_aware	expanded broad-2024 (full_fcas, deg=$50/MWh): profit=$23,772 vs PPO $19,504 (DT +22% - first to beat PPO on broad surface); FCAS $24,880 (6.3x PPO); energy $3,389. Hierarchical achieves broad-surface win.
exp3	dt_soc_oracle_deg_aware	dispatch-matched rtg=0 (full_fcas): profit=$291,841 (13x PPO $22,530; 7.8x dispatch $37,371); FCAS $148,935 (12x PPO); energy $150,400. Strongest dispatch-matched result ever.
exp3a	dt_soc_sdp	honset (no foresight)	2025 OOD (full_fcas): profit=$13,046 vs PPO $6,498 (2x) AND beats perfect-foresight LP $6,809. FCAS $11,183 (6.2x PPO), energy $3,488, deg $163/MWh (below PPO $211). The foresight caveat is LIFTED and foresight actually hurt OOD (LP over-cycled).
exp3a	dt_soc_sdp	honest (no foresight)	standard Oct (full_fcas): profit=$15,606 (6.6x PPO $2,353); FCAS $11,371 (5.2x PPO); energy $5,217; deg $98/MWh. Below LP $23,372 (foresight) as expected, but genuinely non-clairvoyant.
exp3a	dt_soc_sdp	honest (no foresight)	expanded broad-2024 (full_fcas): profit=$25,183 vs PPO $19,504 (+29%) AND beats perfect-foresight LP $23,772. FCAS $24,177 (6.1x PPO), energy $3,839.
exp3a	dt_soc_sdp	honest (no foresight)	dispatch-matched rtg=0 (full_fcas): profit=$59,091 (2.6x PPO $22,530; 1.6x dispatch $37,371); FCAS $48,188; energy $14,661. Below LP $291,841 (foresight captures SA1 Q4 spikes perfectly) but honest.
impact_gate	dt_soc_sdp	honest (no foresight)	IMPACT PASS: piecewise_merit_order profit vs PPO — small $40,912 vs $11,031 (3.7x), hornsdale $486,585 vs $56,540 (8.6x), torrens $491,991 vs $69,507 (7.1x). No regression under impact. (LP executor collapses at torrens 250MW: -$632k, known Oracle_MI grid-scale limitation.)
stage_b	standalone_dt (mixed, sdp-teacher)	2025 OOD: profit=$11,925 vs PPO $6,498 (1.83x); FCAS $10,482 (5.8x PPO); energy $2,897; deg $145/MWh. Retains 91% of Stage A's $13,046 WITHOUT solver at inference - FCAS-cloning ceiling broken.
stage_b	standalone_dt (mixed, sdp-teacher)	standard Oct: profit=$7,914 vs PPO $2,353 (3.4x); FCAS $8,275 (3.8x PPO); deg $88/MWh. Retains 51% of Stage A's $15,606 with no solver (pilot, 160 eps).
stage_b	standalone_dt (mixed, sdp-teacher)	expanded broad-2024: profit=$11,943 vs PPO $19,504 (PPO wins - energy $3,237 vs PPO $17,381); FCAS $10,143 (2.6x PPO). Pilot (160 eps, short+medium) under-learns energy arbitrage; full-corpus retrain expected to fix.
stage_b	standalone_dt (mixed, sdp-teacher)	dispatch-matched rtg=0: profit=$47,942 (2.1x PPO $22,530; 1.28x dispatch $37,371); FCAS $34,554 (2.8x PPO). Retains 81% of Stage A's $59,091.
stage_b	standalone_dt (mixed, sdp-teacher)	IMPACT PASS: piecewise_merit_order mean profit vs PPO — small $33,141 vs $11,031 (3.0x), hornsdale $105,491 vs $56,540 (1.9x), torrens $148,802 vs $69,507 (2.1x). No torrens collapse (unlike LP executor's -$632k). Standalone DT impact-robust.
stage_b	full-corpus generation	SDP-teacher trajectories full: 320 eps, 3.13M rows, all 4 batteries (medium_1c/fast_375c/large_07c/small_05c) x short+medium x 5 regions, balanced. data/aemo_dt_sdp/dt_trajectories_full.parquet
stage_b	aggressive-teacher corpus	deg_cost_per_mwh=20: 320 eps, 3.13M rows, |energy|+57% (0.072->0.112) vs conservative, FCAS bids -6%. Complementary energy-heavy teacher for RTG interpolation. data/aemo_dt_sdp/dt_trajectories_aggressive.parquet
stage_b	standalone_dt full-corpus (mixed, 320eps)	2025 OOD: profit=$12,881/ep vs PPO $6,498 (1.98x); FCAS $12,334 (6.8x PPO $1,815); energy $2,069. Improves on pilot 160-ep ($11,925/1.83x). eval_output/stageb_fullcorpus_mixed_2025
stage_b	standalone_dt full-corpus (mixed, 320eps)	standard Oct: profit=$9,071 vs PPO $2,353 (3.85x); FCAS $9,352 (4.3x PPO). Improves on pilot ($7,914/3.4x). eval_output/stageb_fullcorpus_mixed_standard
stage_b	standalone_dt full-corpus (mixed, 320eps)	dispatch-matched rtg0: profit=$50,671 vs PPO $22,530 (2.25x) vs dispatch $37,371 (1.36x); FCAS $39,419 (3.2x PPO). Improves on pilot ($47,942/2.1x). eval_output/stageb_fullcorpus_mixed_dispatch
stage_b	standalone_dt full-corpus (mixed, 320eps)	expanded broad-2024: profit=$11,987 vs PPO $19,504 (PPO wins 1.6x); FCAS $11,766 (3x PPO $3,941); energy $1,778 vs PPO $17,381. Energy-arbitrage gap PERSISTS despite full corpus - the binding constraint (not data size). eval_output/stageb_fullcorpus_mixed_expanded
stage_b	standalone_dt full-corpus (mixed, 320eps)	IMPACT PASS: piecewise_merit_order vs PPO — small $31,924 vs $11,031 (2.9x), hornsdale $146,588 vs $56,540 (2.6x), torrens $207,672 vs $69,507 (3.0x). Improved over pilot (hornsdale +39%, torrens +40%). Best-rtg=5. No torrens collapse.
stage_b	standalone_dt full-corpus (mixed, 320eps)	VERDICT: beats PPO on 3/4 identity surfaces (standard 3.85x, dispatch 2.25x, 2025 1.98x) + impact gate (2.6-3.0x). ONE MISS remains: expanded broad-2024 energy arbitrage ($1.8k vs PPO $17.4k) - FCAS-cloning solved by full corpus but energy trading under-learned from conservative SDP teacher. Not yet the full broad-surface preferred policy.
stage_c	standalone_dt_jtsoc_fullcorpus	1.98	keep	2025 OOD: profit=$12,881/ep vs PPO $6,498 (1.98x), FCAS $12,334 (6.8x PPO)
stage_c	standalone_dt_jtsoc_fullcorpus	3.85	keep	Standard Oct: profit=$9,071/ep vs PPO $2,353 (3.85x); FCAS $9,352 (4.3x PPO)
stage_c	standalone_dt_jtsoc_fullcorpus	2.25	keep	Dispatch-matched: profit=$50,671 vs PPO $22,530 (2.25x) vs dispatch $37,371 (1.36x)
stage_c	standalone_dt_jtsoc_fullcorpus	1.39	keep	Expanded broad-2024: profit=$27,068 vs PPO $19,504 (1.39x); FCAS $11,766 (3x PPO); energy $14,799
stage_c	standalone_dt_jtsoc_fullcorpus	IMPACT_PASS	keep	Impact gate PASS: piecewise_merit_order vs PPO — small 2.9x, hornsdale 2.54x, torrens 1.65x (no torrens collapse)
